City_ID,City,Country,Lat,Lng,Max Temp,Humidity,Cloudiness,Wind Speed,Current Description
0,Flinders,AU,-34.5833,150.8552,65.37,91,73,4.0,broken clouds
1,Alofi,NU,-19.0595,-169.9187,80.49,89,91,3.44,overcast clouds
2,San Quintin,MX,30.4833,-115.95,80.2,25,72,8.3,broken clouds
3,Narsaq,GL,60.9167,-46.05,37.62,70,39,5.03,scattered clouds
4,Ugoofaaru,MV,5.6667,73.0,84.54,66,28,5.23,scattered clouds
5,Albany,US,42.6001,-73.9662,56.05,61,65,1.99,broken clouds
6,Grindavik,IS,63.8424,-22.4338,37.35,48,0,4.61,clear sky
7,Ushuaia,AR,-54.8,-68.3,46.02,65,0,3.44,clear sky
8,Atar,MR,20.5169,-13.0499,86.92,10,0,10.56,clear sky
9,Acarau,BR,-2.8856,-40.12,82.09,80,32,13.15,scattered clouds
10,Kapaa,US,22.0752,-159.319,78.78,80,75,20.71,broken clouds
11,Busselton,AU,-33.65,115.3333,54.63,85,13,10.54,few clouds
12,Lensk,RU,60.7253,114.9278,19.62,98,100,2.93,overcast clouds
13,Mar Del Plata,AR,-38.0023,-57.5575,70.09,92,75,7.0,broken clouds
14,Puerto Ayora,EC,-0.7393,-90.3518,85.96,76,39,10.4,light rain
15,Dir,PK,35.2058,71.8756,65.41,46,97,8.55,overcast clouds
16,Barrow,US,71.2906,-156.7887,6.82,72,20,21.85,mist
17,Shimanovsk,RU,52.0,127.7,22.6,95,97,2.82,overcast clouds
18,Lovington,US,32.944,-103.3485,65.32,14,0,1.99,clear sky
19,Bluff,NZ,-46.6,168.3333,55.8,67,54,18.7,broken clouds
20,Yellowknife,CA,62.456,-114.3525,36.12,87,75,11.5,broken clouds
21,Rikitea,PF,-23.1203,-134.9692,79.52,73,6,17.78,light rain
22,Bengkulu,ID,-3.8004,102.2655,74.53,89,100,3.71,overcast clouds
23,Korla,CN,41.7597,86.1469,70.92,22,100,12.82,overcast clouds
24,Hambantota,LK,6.1241,81.1185,79.57,79,96,7.16,overcast clouds
25,New Norfolk,AU,-42.7826,147.0587,51.71,78,0,3.04,clear sky
26,Atuona,PF,-9.8,-139.0333,79.47,78,90,18.12,overcast clouds
27,East London,ZA,-33.0153,27.9116,62.29,76,100,8.72,light rain
28,Opuwo,NA,-18.0607,13.84,76.23,37,4,4.25,clear sky
29,Labuhan,ID,-6.8844,112.2051,77.09,88,75,9.93,broken clouds
30,Jambi,ID,-1.6,103.6167,73.6,97,96,2.04,overcast clouds
31,Bonthe,SL,7.5264,-12.505,81.14,79,11,8.84,light rain
32,Cidreira,BR,-30.1811,-50.2056,70.02,83,92,12.35,overcast clouds
33,Qaanaaq,GL,77.484,-69.3632,-0.4,75,0,5.55,clear sky
34,Ezequiel Montes,MX,20.6667,-99.8833,70.75,30,11,8.3,few clouds
35,Skjervoy,NO,70.0311,20.9714,33.8,63,100,17.07,overcast clouds
36,Homburg,DE,49.3167,7.3333,37.53,84,75,18.41,moderate rain
37,Cape Town,ZA,-33.9258,18.4232,65.26,61,0,14.97,clear sky
38,Atambua,ID,-9.1061,124.8925,71.62,88,64,3.38,broken clouds
39,Punta Arenas,CL,-53.15,-70.9167,48.22,76,0,9.22,clear sky
40,Mataura,NZ,-46.1927,168.8643,47.37,77,97,4.43,overcast clouds
41,Hilo,US,19.7297,-155.09,72.25,93,100,5.75,moderate rain
42,San Carlos De Bariloche,AR,-41.1456,-71.3082,65.95,42,20,3.44,few clouds
43,Ekhabi,RU,53.5102,142.9671,12.63,98,84,5.79,broken clouds
44,Wufeng,CN,27.45,104.8333,52.74,81,100,3.6,overcast clouds
45,Bredasdorp,ZA,-34.5322,20.0403,60.85,64,67,17.31,broken clouds
46,Saint George,US,37.1041,-113.5841,78.64,12,0,5.99,clear sky
47,Padang,ID,-0.9492,100.3543,77.85,81,64,3.09,heavy intensity rain
48,Butaritari,KI,3.0707,172.7902,80.53,81,100,12.97,light rain
49,Yanam,IN,16.7333,82.2167,77.36,91,99,3.42,overcast clouds
50,Svetlyy,RU,54.675,20.1347,42.85,66,100,13.82,overcast clouds
51,Flin Flon,CA,54.7682,-101.865,40.84,38,40,8.05,scattered clouds
52,Bethel,US,41.3712,-73.414,62.47,52,40,4.61,scattered clouds
53,Port-Cartier,CA,50.0334,-66.8654,34.75,98,100,23.0,snow
54,Bermejo,AR,-32.8833,-68.8,82.31,47,0,5.75,clear sky
55,Vaini,TO,-21.2,-175.2,77.16,94,75,2.3,broken clouds
56,Bam,IR,29.106,58.357,82.26,10,99,7.45,overcast clouds
57,Kikwit,CD,-5.041,18.8162,75.9,77,88,1.81,overcast clouds
58,Byron Bay,AU,-28.65,153.6167,65.95,88,48,9.82,scattered clouds
59,Norman Wells,CA,65.282,-126.8329,32.04,47,20,6.91,few clouds
60,Dandong,CN,40.1292,124.3947,46.65,74,40,5.91,scattered clouds
61,Batagay-Alyta,RU,67.8006,130.4114,-3.26,96,96,5.06,overcast clouds
62,Tuktoyaktuk,CA,69.4541,-133.0374,15.8,67,40,0.0,scattered clouds
63,Sola,VU,-13.8833,167.55,82.62,74,98,10.4,overcast clouds
64,Bukama,CD,-9.2,25.85,71.85,88,10,1.61,clear sky
65,Sturgis,US,41.7992,-85.4192,46.2,70,100,6.91,overcast clouds
66,Komsomolskoye,RU,55.2567,47.5461,38.32,90,90,9.69,overcast clouds
67,Yar-Sale,RU,66.8333,70.8333,-9.44,96,72,8.25,broken clouds
68,Leningradskiy,RU,69.3833,178.4167,-12.89,91,94,6.02,overcast clouds
69,San Patricio,US,28.017,-97.5169,82.49,18,0,3.58,clear sky
70,Avarua,CK,-21.2078,-159.775,84.25,79,4,10.36,clear sky
71,Dikson,RU,73.5069,80.5464,-0.24,100,97,7.96,overcast clouds
72,Arraial Do Cabo,BR,-22.9661,-42.0278,80.56,78,0,12.66,clear sky
73,Pangai,TO,-19.8,-174.35,80.71,78,75,6.91,broken clouds
74,Erenhot,CN,43.6475,111.9767,50.56,36,100,8.86,overcast clouds
75,Ponta Do Sol,PT,32.6667,-17.1,64.71,75,64,0.94,broken clouds
76,Hithadhoo,MV,-0.6,73.0833,83.1,69,48,6.73,scattered clouds
77,Thompson,CA,55.7435,-97.8558,42.96,28,75,4.61,broken clouds
78,Lebu,CL,-37.6167,-73.65,59.72,76,100,11.74,overcast clouds
79,Hasaki,JP,35.7333,140.8333,50.4,69,0,18.39,clear sky
80,Isiro,CD,2.7739,27.616,68.56,88,73,3.36,broken clouds
81,Hermanus,ZA,-34.4187,19.2345,60.8,71,1,21.5,clear sky
82,Lagoa,PT,39.05,-27.9833,62.87,83,100,40.56,overcast clouds
83,Godhra,IN,22.75,73.6333,88.83,25,12,11.88,few clouds
84,Kushima,JP,31.4583,131.2333,55.69,78,0,3.29,clear sky
85,Senador Jose Porfirio,BR,-2.5908,-51.9542,78.96,93,94,4.92,light rain
86,Constitucion,CL,-35.3333,-72.4167,64.04,71,37,12.8,scattered clouds
87,Nikolskoye,RU,59.7035,30.7861,42.87,94,100,9.01,overcast clouds
88,Kudat,MY,6.8837,116.8477,76.93,88,20,9.22,few clouds
89,Damietta,EG,31.4165,31.8133,60.66,81,0,9.84,clear sky
90,Kiama,AU,-34.6833,150.8667,68.0,91,80,10.47,broken clouds
91,Eyl,SO,7.9803,49.8164,80.89,82,100,10.09,overcast clouds
92,Tilichiki,RU,60.4667,166.1,12.29,96,100,5.68,overcast clouds
93,Vila Franca Do Campo,PT,37.7167,-25.4333,63.01,90,94,24.43,overcast clouds
94,Umm Kaddadah,SD,13.6017,26.6876,88.68,16,0,7.25,clear sky
95,Georgetown,MY,5.4112,100.3354,80.53,88,20,3.44,thunderstorm
96,Novobelokatay,RU,55.7062,58.9549,35.74,100,100,4.65,overcast clouds
97,Makaha,US,21.4694,-158.2175,80.51,60,0,14.97,clear sky
98,Volnovakha,UA,47.601,37.4967,47.19,96,100,4.61,overcast clouds
99,Kruisfontein,ZA,-34.0033,24.7314,57.88,75,100,8.99,overcast clouds
100,Eidsvag,NO,62.7767,8.0668,33.85,87,100,3.78,light snow
101,Zhanaozen,KZ,43.3,52.8,55.0,57,100,18.05,overcast clouds
102,Dublin,US,37.7021,-121.9358,87.24,36,0,8.05,clear sky
103,Grand Gaube,MU,-20.0064,57.6608,78.39,85,37,5.01,scattered clouds
104,Poum,NC,-20.2333,164.0167,80.87,78,99,10.09,overcast clouds
105,Carballo,ES,43.213,-8.691,55.09,85,100,3.69,overcast clouds
106,Brigantine,US,39.4101,-74.3646,67.19,42,0,12.66,clear sky
107,Sitka,US,57.0531,-135.33,39.09,87,75,0.0,broken clouds
108,Usinsk,RU,65.9939,57.5281,4.95,98,68,9.69,broken clouds
109,Fort Nelson,CA,58.8053,-122.7002,36.99,87,100,11.5,light rain
110,Hami,CN,42.8,93.45,67.5,16,100,6.22,overcast clouds
111,Carnarvon,AU,-24.8667,113.6333,68.07,83,96,5.75,overcast clouds
112,Luoyang,CN,34.6836,112.4536,68.14,48,100,4.81,overcast clouds
113,Ostrovnoy,RU,68.0531,39.5131,31.57,95,100,20.54,overcast clouds
114,Biltine,TD,14.5333,20.9167,91.0,6,5,9.17,clear sky
115,Kidal,ML,18.4411,1.4078,97.32,6,0,7.02,clear sky
116,Kodinsk,RU,58.6881,99.1844,28.89,97,100,3.83,overcast clouds
117,Soe,ID,-9.8607,124.284,63.66,86,61,3.67,broken clouds
118,Angoche,MZ,-16.2325,39.9086,78.64,76,6,7.29,clear sky
119,Yumen,CN,40.2833,97.2,60.17,10,7,10.54,clear sky
120,Acapulco,MX,16.8634,-99.8901,84.02,58,75,9.22,broken clouds
121,Katsuura,JP,35.1333,140.3,60.76,70,0,16.37,clear sky
122,Esperance,AU,-33.8667,121.9,67.32,80,93,14.94,overcast clouds
123,Beyneu,KZ,45.3167,55.2,61.0,42,96,26.73,overcast clouds
124,Saskylakh,RU,71.9167,114.0833,-12.41,100,98,3.06,overcast clouds
125,Port Alfred,ZA,-33.5906,26.891,58.17,93,100,12.15,overcast clouds
126,Taltal,CL,-25.4,-70.4833,67.41,69,24,5.99,few clouds
127,Nouadhibou,MR,20.931,-17.0347,71.58,60,0,18.41,sand
128,Jamestown,US,42.097,-79.2353,46.02,71,100,16.11,overcast clouds
129,Zhigansk,RU,66.7697,123.3711,1.6,95,20,10.11,few clouds
130,Broken Hill,AU,-31.95,141.4333,64.62,66,92,8.77,overcast clouds
131,Nome,US,64.5011,-165.4064,8.67,78,100,11.5,light snow
132,Gilgit,PK,35.9221,74.3087,65.43,40,90,3.71,overcast clouds
133,Isangel,VU,-19.55,169.2667,79.77,84,100,9.26,overcast clouds
134,Jackson,US,42.4165,-122.8345,60.8,63,75,3.44,broken clouds
135,Fairbanks,US,64.8378,-147.7164,14.22,69,100,13.8,light snow
136,Hobart,AU,-42.8794,147.3294,52.05,86,0,8.05,clear sky
137,Kaitangata,NZ,-46.2817,169.8464,50.45,75,11,10.16,few clouds
138,Khani,GE,41.9563,42.9566,44.17,99,100,3.65,overcast clouds
139,Nyurba,RU,63.2842,118.3319,8.42,99,100,4.41,overcast clouds
140,Tiarei,PF,-17.5333,-149.3333,86.02,76,100,19.62,light rain
141,Sao Joao Da Barra,BR,-21.6403,-41.0511,82.49,71,15,11.27,few clouds
142,Portland,US,45.5234,-122.6762,57.9,58,40,14.97,scattered clouds
143,Severo-Kurilsk,RU,50.6789,156.125,29.32,78,96,18.57,overcast clouds
144,Berlevag,NO,70.8578,29.0864,33.8,75,75,31.07,broken clouds
145,Balykshi,KZ,47.0667,51.8667,51.8,82,75,24.61,mist
146,Caconda,AO,-13.7333,15.0667,62.19,90,24,4.41,few clouds
147,Victoria,HK,22.2855,114.1577,71.65,75,0,18.01,clear sky
148,Kahului,US,20.8947,-156.47,75.22,78,40,17.27,scattered clouds
149,Provideniya,RU,64.3833,-173.3,-2.2,97,48,5.59,scattered clouds
150,Verkhnyaya Inta,RU,65.9811,60.3094,2.26,99,92,6.06,overcast clouds
151,Porto Walter,BR,-8.2686,-72.7439,81.79,87,99,2.35,overcast clouds
152,Cabo San Lucas,MX,22.8909,-109.9124,87.1,54,20,10.36,few clouds
153,Longyearbyen,SJ,78.2186,15.6401,10.24,79,0,13.8,clear sky
154,Pingdu,CN,36.7844,119.9464,56.75,72,1,7.23,clear sky
155,Bambous Virieux,MU,-20.3428,57.7575,78.22,94,75,11.5,light rain
156,Palasa,IN,18.7667,84.4167,77.58,88,58,9.57,broken clouds
157,Cherskiy,RU,68.75,161.3,-28.34,98,5,2.35,clear sky
158,Saint Anthony,US,45.0205,-93.218,46.18,45,0,18.41,clear sky
159,North Bend,US,43.4065,-124.2243,55.92,73,40,9.22,scattered clouds
160,Camana,PE,-16.6228,-72.7111,72.72,73,31,7.25,scattered clouds
161,Marzuq,YE,14.4,46.4667,68.67,54,1,7.58,clear sky
162,Berzasca,RO,44.6476,21.9526,53.96,85,32,3.96,scattered clouds
163,Guozhen,CN,34.3659,107.359,63.18,61,0,5.03,clear sky
164,Jalu,LY,29.0331,21.5482,71.87,24,0,8.57,clear sky
165,Rocha,UY,-34.4833,-54.3333,76.75,49,0,12.3,clear sky
166,Gigmoto,PH,13.7796,124.39,77.85,86,100,9.75,overcast clouds
167,Sembakung,ID,3.8167,117.25,73.42,99,100,1.79,overcast clouds
168,Prachuap Khiri Khan,TH,12.2167,99.75,80.69,51,90,3.44,overcast clouds
169,Port Macquarie,AU,-31.4333,152.9167,64.89,81,100,7.36,overcast clouds
170,Grafton,US,42.207,-71.6856,61.84,57,100,14.97,overcast clouds
171,Krasnorechenskiy,RU,44.6265,135.3532,32.41,90,100,2.95,overcast clouds
172,Chuy,UY,-33.6971,-53.4616,74.7,59,4,10.42,clear sky
173,Nakasongola,UG,1.3089,32.4564,69.8,67,100,3.94,overcast clouds
174,Calabozo,VE,8.9242,-67.4293,99.43,24,100,6.82,overcast clouds
175,Chapais,CA,49.7834,-74.8492,35.38,99,100,10.42,overcast clouds
176,Port Elizabeth,ZA,-33.918,25.5701,61.09,77,75,8.05,light rain
177,Jiuquan,CN,39.7432,98.5174,60.64,10,6,8.72,clear sky
178,Bilma,NE,18.6853,12.9164,91.87,5,0,7.43,clear sky
179,Hit,IQ,33.6416,42.8251,86.63,13,100,11.14,overcast clouds
180,Kalmunai,LK,7.4167,81.8167,78.3,84,85,6.29,overcast clouds
181,Guerrero Negro,MX,27.9769,-114.0611,86.13,20,14,5.91,few clouds
182,Cap Malheureux,MU,-19.9842,57.6142,78.48,85,36,5.01,scattered clouds
183,Ippy,CF,6.2679,21.2247,79.74,58,97,2.37,overcast clouds
184,Kodiak,US,57.79,-152.4072,27.91,50,20,17.27,few clouds
185,Yuncheng,CN,35.0231,110.9928,67.51,37,98,2.28,overcast clouds
186,Wagar,SD,16.1525,36.2032,89.83,18,0,16.42,clear sky
187,San Pedro,PH,14.35,121.0167,79.83,79,75,2.3,broken clouds
188,Clermont,FR,49.5,2.4167,37.04,96,100,9.31,overcast clouds
189,Djambala,CG,-2.5447,14.7533,75.92,67,19,3.6,light rain
190,Faya,SA,18.3851,42.4509,64.51,35,0,3.13,clear sky
191,Camacha,PT,33.0833,-16.3333,60.22,63,20,3.44,few clouds
192,La Rioja,ES,42.25,-2.5,47.98,79,100,7.87,overcast clouds
193,Bonavista,CA,48.6499,-53.1147,32.9,86,100,10.38,overcast clouds
194,Biak,ID,-0.9131,122.8766,76.41,81,100,1.86,overcast clouds
195,Tessalit,ML,20.1986,1.0114,93.27,10,4,17.18,clear sky
196,Khakhea,BW,-24.6895,23.494,61.0,78,99,19.91,light rain
197,Parrita,CR,9.5201,-84.3225,85.98,64,100,6.67,overcast clouds
198,Lindas,NO,60.7381,5.16,37.45,57,0,19.15,clear sky
199,Ayr,GB,55.4627,-4.6339,44.58,61,20,14.97,few clouds
200,Crown Point,US,41.417,-87.3653,41.74,86,100,10.36,overcast clouds
201,Karratha,AU,-20.7377,116.8463,83.17,51,18,14.43,few clouds
202,Gorlice,PL,49.6556,21.1604,54.86,81,100,4.41,overcast clouds
203,Tautira,PF,-17.7333,-149.15,80.74,77,100,18.12,light rain
204,Broome,US,42.2506,-75.833,57.18,42,100,10.36,overcast clouds
205,Fortuna,US,40.5982,-124.1573,56.86,85,100,14.97,overcast clouds
206,Oranjemund,NA,-28.55,16.4333,63.61,64,0,17.38,clear sky
207,Lichinga,MZ,-13.3128,35.2406,64.49,100,75,9.22,broken clouds
208,Hobyo,SO,5.3505,48.5268,82.58,76,74,13.29,broken clouds
209,Torbay,CA,47.6666,-52.7314,36.75,88,100,11.5,light shower snow
210,Talnakh,RU,69.4865,88.3972,-0.8,98,100,3.87,overcast clouds
211,Dunedin,NZ,-45.8742,170.5036,52.81,63,7,5.99,clear sky
212,Rabat,MA,33.9911,-6.8401,60.15,87,75,8.05,broken clouds
213,Burnie,AU,-41.0667,145.9167,61.92,83,100,12.75,overcast clouds
214,Prince Rupert,CA,54.3161,-130.3201,42.49,81,100,14.97,light rain
215,Tasiilaq,GL,65.6145,-37.6368,21.36,93,100,12.37,snow
216,Barcelos,PT,41.5388,-8.6151,57.34,97,98,3.58,overcast clouds
217,Port-Gentil,GA,-0.7193,8.7815,80.38,87,18,11.56,moderate rain
218,Blythe,US,33.6103,-114.5964,92.03,5,0,4.61,clear sky
219,Upernavik,GL,72.7868,-56.1549,11.08,87,100,5.57,overcast clouds
220,Guiong,PH,6.4186,122.0258,78.42,86,100,11.01,overcast clouds
221,Takapau,NZ,-40.0333,176.35,45.73,93,53,2.62,broken clouds
222,Waipawa,NZ,-41.4122,175.5153,51.6,75,100,9.19,overcast clouds
223,Challans,FR,46.8436,-1.8749,46.6,79,100,18.81,overcast clouds
224,Khatanga,RU,71.9667,102.5,-4.38,99,73,5.08,broken clouds
225,Evanston,US,42.0411,-87.6901,42.35,89,100,8.01,mist
226,Yaan,NG,7.3833,8.5667,90.01,44,100,8.34,light rain
227,Axim,GH,4.8699,-2.2405,82.09,82,100,10.8,overcast clouds
228,Kavieng,PG,-2.5744,150.7967,79.47,80,100,8.86,light rain
229,Lorengau,PG,-2.0226,147.2712,78.15,91,100,6.71,overcast clouds
230,Castro,BR,-24.7911,-50.0119,72.25,83,100,5.79,overcast clouds
231,Maniitsoq,GL,65.4167,-52.9,21.78,78,100,11.56,overcast clouds
232,Ondjiva,AO,-17.0667,15.7333,73.6,58,9,3.33,clear sky
233,Kavaratti,IN,10.5669,72.642,83.55,72,100,6.06,overcast clouds
234,Vanimo,PG,-2.6741,141.3028,77.04,90,100,6.13,moderate rain
235,Ilulissat,GL,69.2167,-51.1,17.62,73,75,5.75,broken clouds
236,Malpe,IN,13.35,74.7167,81.7,81,100,0.83,overcast clouds
237,Mananjary,MG,-21.2167,48.3333,75.79,75,17,3.51,few clouds
238,Villazon,BO,-22.0866,-65.5942,68.81,15,82,14.63,broken clouds
239,Terney,RU,45.0503,136.6092,32.09,76,100,4.25,overcast clouds
240,Klaksvik,FO,62.2266,-6.589,34.72,72,100,19.3,light snow
241,Timmins,CA,48.4669,-81.3331,35.42,93,100,9.22,overcast clouds
242,Tura,IN,25.5198,90.2201,71.92,71,0,5.08,clear sky
243,Rafsanjan,IR,30.4067,55.9939,74.84,10,93,16.8,overcast clouds
244,Oranjestad,AW,12.524,-70.027,85.95,66,20,26.46,few clouds
245,Ribeira Grande,PT,38.5167,-28.7,64.8,82,75,34.52,broken clouds
246,Saldanha,ZA,-33.0117,17.9442,66.25,56,0,14.58,clear sky
247,Kayerkan,RU,69.3497,87.7602,-1.48,91,100,2.21,overcast clouds
248,Dingle,PH,10.9995,122.6711,73.62,95,100,6.04,overcast clouds
249,Whitehorse,CA,60.7161,-135.0538,39.09,53,40,13.8,scattered clouds
250,Nortelandia,BR,-14.4547,-56.8028,89.46,56,87,4.74,overcast clouds
251,Matias Barbosa,BR,-21.8692,-43.3194,79.12,75,57,6.08,broken clouds
252,Comodoro Rivadavia,AR,-45.8667,-67.5,58.86,67,0,10.36,clear sky
253,Shamkhal,RU,43.0596,47.3373,42.78,67,3,5.53,clear sky
254,Goderich,CA,43.7501,-81.7165,44.92,70,45,10.36,scattered clouds
255,Zhezkazgan,KZ,47.8043,67.7144,45.43,64,35,12.03,scattered clouds
256,Amahai,ID,-3.3333,128.9167,77.5,86,100,0.63,overcast clouds
257,Hamilton,US,39.1834,-84.5333,51.08,72,100,14.97,light rain
258,Leh,IN,34.1667,77.5833,29.16,47,0,5.17,clear sky
259,Lucea,JM,18.451,-78.1736,84.06,67,74,0.47,broken clouds
260,Rodeo,US,38.033,-122.2669,89.53,45,0,4.0,clear sky
261,Bud,US,39.447,-86.1758,46.87,73,100,11.59,overcast clouds
262,Sesheke,ZM,-17.4759,24.2968,68.83,76,0,3.65,clear sky
263,Asau,RO,46.4333,26.4,56.32,83,100,6.62,overcast clouds
264,Sioux Lookout,CA,50.1001,-91.917,37.47,30,0,16.11,clear sky
265,Nanortalik,GL,60.1432,-45.2371,30.29,76,68,4.81,broken clouds
266,Afrikanda,RU,67.4429,32.7828,30.69,95,100,15.5,snow
267,Praya,CV,14.9215,-23.5087,79.34,41,0,23.02,clear sky
268,Hampton,US,37.0299,-76.3452,64.6,79,75,9.22,broken clouds
269,Tuatapere,NZ,-46.1333,167.6833,44.49,85,28,4.61,scattered clouds
270,Zabol,AF,32.25,67.25,65.86,17,0,6.71,clear sky
271,Maiduguri,NG,11.8464,13.1603,94.44,10,13,9.15,few clouds
272,Hailar,CN,49.2,119.7,34.83,44,0,6.08,clear sky
273,Coruripe,BR,-10.1256,-36.1756,82.42,69,46,9.48,scattered clouds
274,Jardim,BR,-21.4803,-56.1381,89.04,44,100,8.41,overcast clouds
275,Chokurdakh,RU,70.6333,147.9167,-17.57,97,92,9.48,overcast clouds
276,Anadyr,RU,64.75,177.4833,0.1,71,0,2.24,clear sky
277,Vanavara,RU,60.34,102.2797,8.94,98,81,1.54,broken clouds
278,Zernograd,RU,46.8452,40.3083,50.95,89,100,14.61,overcast clouds
279,Saint-Philippe,RE,-21.3585,55.7679,76.59,87,74,12.01,light rain
280,Muli,MV,2.9167,73.5667,83.17,73,100,6.46,overcast clouds
281,Wynyard,AU,-41.0,145.7167,61.95,83,100,13.4,overcast clouds
282,Vestmannaeyjar,IS,63.4427,-20.2734,36.82,49,100,10.92,overcast clouds
283,Pangkalanbuun,ID,-2.6833,111.6167,72.82,99,50,2.86,light rain
284,Yongan,CN,39.6957,113.6871,57.49,21,1,3.71,clear sky
285,Talara,PE,-4.5772,-81.2719,81.36,61,0,13.8,clear sky
286,Banjar,ID,-8.19,114.9675,76.98,90,43,5.5,scattered clouds
287,Grand-Santi,GF,4.25,-54.3833,75.09,98,100,3.49,overcast clouds
288,Tefe,BR,-3.3542,-64.7114,89.71,62,40,3.44,thunderstorm
289,Bull Savanna,JM,17.8868,-77.5902,81.09,65,87,13.65,overcast clouds
290,Bourail,NC,-21.5667,165.4833,74.8,91,86,7.31,overcast clouds
291,Aban,RU,56.67,96.06,33.21,85,100,2.01,overcast clouds
292,Pangnirtung,CA,66.1451,-65.7125,15.8,79,75,19.57,light snow
293,Beni Mazar,EG,28.4962,30.8029,71.46,32,0,17.78,clear sky
294,Aklavik,CA,68.2191,-135.0107,26.6,54,20,4.61,few clouds
295,Yevpatoriya,UA,45.1972,33.3558,47.1,92,0,11.63,clear sky
296,Gizo,SB,-8.103,156.8419,81.93,76,97,10.96,overcast clouds
297,Sibolga,ID,1.7427,98.7792,75.92,81,79,3.47,light rain
298,Bereda,ES,43.2686,-7.5406,53.58,89,100,3.27,overcast clouds
299,Kendari,ID,-3.945,122.4989,74.91,94,100,4.34,overcast clouds
300,Cayenne,GF,4.9333,-52.3333,82.44,78,100,14.97,overcast clouds
301,Yeppoon,AU,-23.1333,150.7333,73.18,85,100,17.34,overcast clouds
302,Vichy,FR,46.25,3.5833,58.1,65,96,18.34,overcast clouds
303,Port Hardy,CA,50.6996,-127.4199,48.38,66,100,10.36,overcast clouds
304,Batemans Bay,AU,-35.7167,150.1833,63.1,91,100,2.62,overcast clouds
305,Ko Samui,TH,9.5357,99.9357,83.21,67,58,0.96,broken clouds
306,Larap,PH,14.299,122.6504,76.55,90,93,7.16,overcast clouds
307,Sao Gabriel Da Cachoeira,BR,-0.1303,-67.0892,83.1,84,83,1.74,broken clouds
308,Luba,GQ,3.4568,8.5547,82.29,82,100,4.36,light rain
309,Codrington,AU,-38.2667,141.9667,58.08,81,0,7.14,clear sky
310,Balkanabat,TM,39.5108,54.3671,67.91,40,60,2.73,broken clouds
311,Asfi,MA,32.2994,-9.2372,61.61,76,57,18.84,broken clouds
312,Digby,CA,44.6169,-65.7655,45.59,81,99,28.59,overcast clouds
313,Maumere,ID,-8.6199,122.2111,79.39,82,95,4.88,overcast clouds
314,Geraldton,AU,-28.7667,114.6,68.41,73,100,14.97,overcast clouds
315,Mountain Home,US,43.133,-115.6912,71.08,100,40,18.41,scattered clouds
316,Port Moresby,PG,-9.4431,147.1797,75.9,89,100,2.68,overcast clouds
317,Nacala,MZ,-14.5428,40.6728,75.24,86,0,5.39,clear sky
318,Pingzhuang,CN,42.0372,119.2889,53.01,39,4,6.24,clear sky
319,Iskateley,RU,67.6803,53.1512,3.85,91,71,9.75,broken clouds
320,Barahona,DO,18.2085,-71.1008,87.62,62,20,16.11,few clouds
321,Alekseyevsk,RU,57.8406,108.3492,18.7,99,80,0.78,broken clouds
322,Clyde River,CA,70.4692,-68.5914,5.23,85,0,6.91,clear sky
323,Vila Velha,BR,-20.3297,-40.2925,84.15,72,75,9.22,broken clouds
324,Ransang,PH,8.9603,117.5828,77.72,88,100,7.18,overcast clouds
325,Salekhard,RU,66.53,66.6019,-3.87,98,100,1.99,overcast clouds
326,Labuan,MY,5.2767,115.2417,77.36,94,40,9.22,scattered clouds
327,Yerbogachen,RU,61.2767,108.0108,4.03,99,65,1.1,broken clouds
328,Cravo Norte,CO,6.3017,-70.2041,94.57,33,97,6.73,overcast clouds
329,Shestakovo,RU,56.4915,103.96,27.48,98,100,1.16,overcast clouds
330,Tongren,CN,27.7172,109.1853,65.01,57,100,2.21,overcast clouds
331,Caravelas,BR,-17.7125,-39.2481,81.48,69,10,7.74,clear sky
332,Dohar,BD,23.5883,90.1469,85.98,70,0,7.27,clear sky
333,Pevek,RU,69.7008,170.3133,-13.85,98,100,3.42,overcast clouds
334,Tomatlan,MX,19.9333,-105.25,88.09,39,100,9.78,overcast clouds
335,Baruun-Urt,MN,46.6806,113.2792,41.92,30,100,6.91,overcast clouds
336,Port Augusta,AU,-32.5,137.7667,60.71,71,0,2.53,clear sky
337,Andros Town,BS,24.7,-77.7667,81.5,66,100,2.84,overcast clouds
338,Glendive,US,47.1053,-104.7125,56.7,30,0,16.11,clear sky
339,Coquimbo,CL,-29.9533,-71.3436,58.73,88,75,11.5,broken clouds
340,Calafell,ES,41.2,1.5683,70.12,65,74,1.99,broken clouds
341,Moroni,KM,-11.7022,43.2551,80.19,80,12,5.41,few clouds
342,Honiara,SB,-9.4333,159.95,77.58,84,99,5.84,overcast clouds
343,Port Blair,IN,11.6667,92.75,78.84,94,40,2.3,mist
344,Itoman,JP,26.1247,127.6694,68.02,71,20,5.75,few clouds
345,Massa Marittima,IT,43.049,10.8928,55.49,92,99,3.65,overcast clouds
346,Vallenar,CL,-28.5708,-70.7581,86.0,16,0,9.71,clear sky
347,Naze,JP,28.3667,129.4833,61.72,63,0,5.23,clear sky
348,Mehran,IR,33.1222,46.1646,80.44,18,88,12.86,overcast clouds
349,Ilebo,CD,-4.3167,20.5833,72.34,95,85,3.0,light rain
350,Marakkanam,IN,12.2,79.95,82.53,78,100,5.57,overcast clouds
351,Bulawayo,ZW,-20.15,28.5833,61.09,91,46,11.9,scattered clouds
352,Sulangan,PH,11.1373,123.7228,80.49,78,100,13.67,overcast clouds
353,Onega,RU,63.9061,38.1404,37.78,97,100,16.78,overcast clouds
354,Komsomolskiy,UZ,40.4272,71.7189,66.92,42,48,4.61,scattered clouds
355,Moron,AR,-34.6534,-58.6198,77.0,62,13,6.49,few clouds
356,Araguaina,BR,-7.1911,-48.2072,80.31,77,100,4.63,overcast clouds
357,Ipixuna,BR,-1.7625,-48.8043,74.79,97,100,2.73,light rain
358,Kutum,SD,14.2,24.6667,83.01,13,0,7.94,clear sky
359,Can Tho,VN,10.0333,105.7833,75.18,100,40,2.3,scattered clouds
360,Chegem,RU,43.2833,43.1333,26.73,81,100,9.62,overcast clouds
361,Yeniseysk,RU,58.4497,92.1703,32.16,99,100,2.86,snow
362,Karatau,KZ,43.1667,70.4667,56.5,68,97,3.58,overcast clouds
363,Pinega,RU,64.7001,43.3936,34.9,94,100,11.41,overcast clouds
364,Gat,IL,31.61,34.7642,62.4,100,1,5.3,clear sky
365,Benito Juarez,MX,19.385,-99.165,72.0,40,40,3.44,scattered clouds
366,Raudeberg,NO,61.9875,5.1352,34.47,87,100,28.77,overcast clouds
367,Airai,TL,-8.9266,125.4092,58.03,74,100,2.37,overcast clouds
368,Cabra,ES,37.4725,-4.4421,56.12,69,100,3.85,overcast clouds
369,Acari,PE,-15.4311,-74.6158,81.82,50,62,9.95,broken clouds
370,Petropavlovsk-Kamchatskiy,RU,53.0452,158.6483,28.99,100,100,6.71,shower snow
371,El Tejar,GT,14.6478,-90.7928,63.0,56,100,6.06,overcast clouds
372,Thinadhoo,MV,0.5333,72.9333,83.55,64,92,6.98,overcast clouds
373,Iqaluit,CA,63.7506,-68.5145,20.93,67,100,10.36,overcast clouds
374,Harvard,US,42.4222,-88.6137,39.61,82,100,12.82,overcast clouds
375,Qui Nhon,VN,13.7667,109.2333,70.54,91,84,8.99,broken clouds
376,Waingapu,ID,-9.6567,120.2641,77.22,87,15,3.8,few clouds
377,Te Anau,NZ,-45.4167,167.7167,40.64,93,20,1.03,few clouds
378,Burns Lake,CA,54.2331,-125.7533,42.22,56,20,14.45,few clouds
379,Ca Mau,VN,9.1769,105.15,76.06,89,76,2.57,broken clouds
380,Henties Bay,NA,-22.116,14.2845,62.6,78,0,5.48,clear sky
381,Chichester,GB,50.8367,-0.78,47.89,70,100,1.99,overcast clouds
382,Sao Filipe,CV,14.8961,-24.4956,76.62,63,0,12.01,clear sky
383,Achalpur,IN,21.2572,77.5086,90.95,16,2,5.86,clear sky
384,Kupang,ID,-10.1667,123.5833,76.69,88,56,4.56,broken clouds
385,Port Hueneme,US,34.1478,-119.1951,101.26,10,0,13.8,clear sky
386,Morro Bay,US,35.3658,-120.8499,95.99,31,0,9.04,clear sky
387,Qaqortoq,GL,60.7167,-46.0333,31.59,72,9,5.77,clear sky
388,Kailua,US,21.4022,-157.7394,80.58,73,100,5.99,overcast clouds
389,Santa Cruz,BO,-17.8,-63.1667,89.65,55,75,17.27,broken clouds
390,Passa Quatro,BR,-22.3903,-44.9667,76.71,73,63,2.86,broken clouds
391,Keuruu,FI,62.2667,24.7,33.98,95,100,11.54,light snow
392,Zhangye,CN,38.9342,100.4517,58.8,15,3,6.46,clear sky
393,Hofn,IS,64.2539,-15.2082,32.7,49,100,8.05,overcast clouds
394,Kununurra,AU,-15.7667,128.7333,71.58,73,100,2.3,overcast clouds
395,Kholm,RU,59.2667,32.85,40.98,95,100,8.77,overcast clouds
396,Kibala,TD,9.1104,18.3463,85.95,54,20,0.0,thunderstorm
397,Alice Springs,AU,-23.7,133.8833,53.15,58,0,0.0,clear sky
398,Faanui,PF,-16.4833,-151.75,82.09,75,100,19.28,overcast clouds
399,Mananara,MG,-16.1667,49.7667,75.38,93,91,4.36,light rain
400,Paamiut,GL,61.994,-49.6678,26.31,75,100,17.43,overcast clouds
401,Yakima,US,46.4665,-120.6678,60.73,27,0,20.71,clear sky
402,Neiafu,TO,-18.65,-173.9833,81.28,89,20,4.61,few clouds
403,Chunoyar,RU,57.4467,97.3217,31.51,94,100,1.39,overcast clouds
404,Cervo,ES,43.6702,-7.4101,54.97,85,100,10.11,overcast clouds
405,Namatanai,PG,-3.6667,152.4333,78.06,85,99,9.98,light rain
406,Ferme-Neuve,CA,46.7001,-75.4493,38.84,96,100,3.83,overcast clouds
407,Suicheng,CN,33.8963,117.9331,60.35,64,1,8.32,clear sky
408,Namie,JP,37.4833,141.0,46.71,82,5,5.1,clear sky
409,Auki,SB,-8.7676,160.7034,77.22,88,44,5.32,scattered clouds
410,Xinyu,CN,27.8043,114.9334,65.3,54,9,2.53,clear sky
411,Salalah,OM,17.0151,54.0924,80.69,89,0,2.3,clear sky
412,Evans,US,33.5337,-82.1307,66.85,31,75,11.5,broken clouds
413,Toora-Khem,RU,52.4675,96.11,35.96,85,100,13.82,light rain
414,Lang Son,VN,21.8333,106.7333,65.95,68,0,2.82,clear sky
415,Markova,UA,48.6758,24.4138,47.44,71,93,4.94,overcast clouds
416,Ambovombe,MG,-25.1667,46.0833,75.02,86,95,15.26,overcast clouds
417,Nioro,GM,13.35,-15.75,103.51,9,13,7.54,few clouds
418,Wanaka,NZ,-44.7,169.15,39.11,82,2,2.59,clear sky
419,Richards Bay,ZA,-28.783,32.0377,65.17,89,100,3.0,light rain
420,Puerto Escondido,MX,15.85,-97.0667,85.03,70,20,8.05,few clouds
421,Brae,GB,60.3964,-1.353,40.48,61,43,26.8,scattered clouds
422,Hyeres,FR,43.1167,6.1167,62.49,78,0,13.8,clear sky
423,Amga,RU,60.8953,131.9608,-3.78,100,39,2.24,scattered clouds
424,Simala,PH,9.9733,123.6165,78.22,78,100,6.26,overcast clouds
425,Port Lincoln,AU,-34.7333,135.8667,65.57,82,0,11.54,clear sky
426,Toledo,ES,39.8333,-4.0,60.12,48,100,20.56,overcast clouds
427,Thatta,PK,24.7475,67.9235,80.87,58,6,12.01,clear sky
428,Carauari,BR,-4.8828,-66.8958,90.01,58,35,2.62,scattered clouds
429,Makakilo City,US,21.3469,-158.0858,79.12,60,0,18.41,clear sky
430,Mahebourg,MU,-20.4081,57.7,77.25,94,75,11.5,light rain
431,Kumluca,TR,36.3703,30.2869,65.39,54,0,7.2,clear sky
432,Bucerias,MX,20.75,-105.3333,76.98,73,40,9.22,scattered clouds
433,Taywarah,AF,33.35,64.4167,52.39,29,0,4.25,clear sky
434,Srednekolymsk,RU,67.45,153.6833,-21.46,99,42,9.08,scattered clouds
435,Porto Novo,BJ,6.4965,2.6036,82.22,79,60,10.49,broken clouds
436,Bandarbeyla,SO,9.4942,50.8122,80.67,80,19,8.77,few clouds
437,Bathsheba,BB,13.2167,-59.5167,84.81,61,20,17.27,few clouds
438,Luocheng,CN,29.3848,104.0286,65.23,64,100,3.67,moderate rain
439,Changping,CN,40.2186,116.2197,51.44,41,98,5.1,overcast clouds
440,Orbetello,IT,42.4408,11.2196,59.02,93,100,1.14,overcast clouds
441,Ulaanbaatar,MN,47.9077,106.8832,42.93,31,75,2.24,broken clouds
442,Medford,US,42.3265,-122.8756,61.77,62,75,3.44,broken clouds
443,Samarai,PG,-10.6167,150.6667,80.94,80,100,12.39,light rain
444,Mayo,US,38.8876,-76.5119,65.66,46,75,11.5,broken clouds
445,Sorong,ID,-0.8833,131.25,79.03,85,100,9.37,overcast clouds
446,Pisco,PE,-13.7,-76.2167,71.65,73,0,8.05,clear sky
447,Weligama,LK,5.9667,80.4167,78.33,85,100,5.88,overcast clouds
448,Wukari,NG,7.85,9.7833,80.28,63,100,7.45,overcast clouds
449,Tiznit,MA,29.5833,-9.5,65.82,49,0,5.57,clear sky
450,Amarpatan,IN,24.3167,80.9833,85.98,8,0,1.83,clear sky
451,Puerto Del Rosario,ES,28.5004,-13.8627,65.95,72,20,18.41,few clouds
452,Mount Isa,AU,-20.7333,139.5,74.97,43,5,9.22,clear sky
453,Ambon,ID,-3.6954,128.1814,80.74,83,40,5.75,thunderstorm with light rain
454,Sharlyk,RU,52.9167,54.75,32.45,96,100,5.88,overcast clouds
455,Maragogi,BR,-9.0122,-35.2225,78.8,83,25,5.7,scattered clouds
456,Zarautz,ES,43.2844,-2.1699,53.55,80,100,7.67,overcast clouds
457,Pocosol,CR,10.3667,-84.6167,78.1,81,78,6.44,broken clouds
458,Birjand,IR,32.8663,59.2211,55.87,13,0,9.22,clear sky
459,Loei,TH,17.4167,101.5,63.12,57,11,1.77,few clouds
460,Panguna,PG,-6.3164,155.4848,74.35,84,97,5.21,light rain
461,Cassia,BR,-20.5831,-46.9219,71.15,88,77,4.76,heavy intensity rain
462,Olafsvik,IS,64.8945,-23.7142,33.93,61,100,11.05,overcast clouds
463,Kenai,US,60.5544,-151.2583,33.89,93,100,8.05,light snow
464,Alta Floresta,BR,-9.8756,-56.0861,76.12,89,61,1.5,broken clouds
465,Montemarciano,IT,43.6389,13.3075,64.35,57,75,8.05,broken clouds
466,Thunder Bay,CA,48.4001,-89.3168,39.11,48,75,20.71,broken clouds
467,Matamoros,MX,25.5333,-103.25,82.17,16,75,15.52,broken clouds
468,Limburg,NL,51.25,6.0,43.02,75,100,9.93,overcast clouds
469,Macau,MO,22.2006,113.5461,70.86,83,0,11.5,clear sky
470,Mersing,MY,2.4312,103.8405,75.11,94,100,6.91,overcast clouds
471,Tezpur,IN,26.6333,92.8,69.13,76,59,7.72,broken clouds
472,Marawi,PH,7.9986,124.2928,68.74,98,100,2.33,overcast clouds
473,Rio Gallegos,AR,-51.6226,-69.2181,48.25,81,40,5.75,scattered clouds
474,Buraydah,SA,26.326,43.975,79.25,9,92,9.08,overcast clouds
475,Odweyne,SO,9.4092,45.064,75.16,51,100,6.02,overcast clouds
476,Ormara,PK,25.2088,64.6357,79.66,77,71,14.65,broken clouds
477,Kapuskasing,CA,49.4169,-82.4331,28.49,86,100,12.66,snow
478,Malangali,TZ,-8.5667,34.85,60.37,97,16,6.53,few clouds
479,San Andres,CO,12.5847,-81.7006,84.22,74,40,14.97,scattered clouds
480,Touros,BR,-5.1989,-35.4608,80.55,80,99,12.93,overcast clouds
481,Ankang,CN,32.68,109.0172,62.96,53,100,0.34,overcast clouds
482,Pangoa,PE,-12.1167,-73.0,73.94,96,100,0.63,overcast clouds
483,Zalesovo,RU,53.9939,84.7431,29.82,88,56,11.61,broken clouds
484,Yulara,AU,-25.2406,130.9889,57.04,47,0,5.75,clear sky
485,Moranbah,AU,-22.0016,148.0466,74.25,76,66,19.69,broken clouds
486,Pervomayskiy,RU,53.2485,40.2871,47.37,79,100,15.86,overcast clouds
487,Druzhba,UA,52.0428,33.9453,42.04,91,54,11.01,broken clouds
488,Dingalan,PH,15.3897,121.3929,75.45,88,53,7.45,broken clouds
489,Lasa,IT,46.6166,10.7002,52.68,98,97,4.25,overcast clouds
490,Tommot,RU,58.9564,126.2925,4.15,99,84,0.87,broken clouds
491,Pafos,CY,34.7667,32.4167,58.78,88,20,3.44,few clouds
492,Ixtapa,MX,20.7,-105.2,84.69,53,53,8.08,broken clouds
493,Xining,CN,36.6167,101.7667,44.58,27,0,1.83,clear sky
494,Veraval,IN,20.9,70.3667,82.63,47,3,11.97,clear sky
495,Ushtobe,KZ,45.2514,77.9838,53.6,60,100,16.04,overcast clouds
496,Yenagoa,NG,4.9247,6.2642,78.69,92,100,4.09,overcast clouds
497,Xai-Xai,MZ,-25.0519,33.6442,72.86,77,100,13.69,light rain
498,Valparaiso,CL,-33.0393,-71.6273,66.43,76,0,11.5,fog
499,Liverpool,GB,53.4106,-2.9779,43.83,73,20,5.01,few clouds
500,Tigzirt,DZ,36.8886,4.1198,57.45,64,4,8.77,clear sky
501,Lanzhou,CN,36.0564,103.7922,56.71,18,0,4.74,clear sky
502,Praia Da Vitoria,PT,38.7333,-27.0667,63.75,88,75,40.67,broken clouds
503,Payson,US,40.0444,-111.7321,70.59,22,40,5.99,scattered clouds
504,Akhalgori,GE,42.126,44.4833,48.34,91,100,7.52,overcast clouds
505,Fengzhen,CN,40.4394,113.1536,49.66,30,0,4.63,clear sky
506,Los Llanos De Aridane,ES,28.6585,-17.9182,60.55,87,100,9.22,overcast clouds
507,Ghanzi,BW,-21.5667,21.7833,71.87,63,39,14.16,scattered clouds
508,Gubkinskiy,RU,64.434,76.5026,-7.04,98,13,9.89,few clouds
509,Noumea,NC,-22.2763,166.4572,81.0,99,13,18.32,few clouds
510,Oktyabrskiy,RU,54.4815,53.471,33.53,96,100,3.47,overcast clouds
511,Alyangula,AU,-13.8483,136.4192,67.87,94,100,2.3,overcast clouds
512,Kjollefjord,NO,70.9457,27.3465,33.85,75,40,14.97,scattered clouds
513,Biloela,AU,-24.4167,150.5,74.7,69,55,17.83,broken clouds
514,Santa Clara,CU,22.4,-79.9667,74.59,85,99,11.25,light rain
515,Husavik,IS,66.0449,-17.3389,22.39,77,96,2.71,overcast clouds
516,Erdemli,TR,36.605,34.3084,62.19,71,0,6.55,clear sky
517,Butembo,CD,0.15,29.2833,57.63,94,81,4.29,broken clouds
518,Olinda,BR,-8.0089,-34.8553,83.93,74,40,5.75,scattered clouds
519,Dali,CN,25.7,100.1833,52.9,86,7,4.25,clear sky
520,Teya,RU,60.3778,92.6267,20.21,99,100,1.7,overcast clouds
521,Perth,AU,-31.9333,115.8333,59.18,92,0,8.05,clear sky
522,Westfield,US,42.1251,-72.7495,61.9,52,75,5.75,broken clouds
523,Mandalgovi,MN,45.7625,106.2708,46.2,34,72,12.5,broken clouds
524,Jijiga,ET,9.35,42.8,66.31,42,51,3.24,broken clouds
525,Prince George,CA,53.9166,-122.753,49.24,55,20,16.11,few clouds
526,Mwinilunga,ZM,-11.7358,24.4293,62.29,96,94,3.65,overcast clouds
527,Molina,CL,-35.1167,-71.2833,78.53,49,0,6.91,clear sky
528,Havoysund,NO,70.9963,24.6622,34.03,78,100,32.1,overcast clouds
529,Verkhoyansk,RU,67.5447,133.385,7.34,96,100,1.99,overcast clouds
530,Kashan,IR,33.9831,51.4364,75.81,19,100,2.8,overcast clouds
531,Black River,JM,18.0264,-77.8487,79.29,76,90,2.04,overcast clouds
532,Ancud,CL,-41.8697,-73.8203,57.22,73,29,5.12,scattered clouds
533,Catamarca,AR,-28.4696,-65.7852,80.78,48,42,5.99,scattered clouds
534,Pitsunda,GE,43.1592,40.3378,50.18,87,84,10.71,broken clouds
535,Papar,MY,5.7333,115.9333,75.2,91,100,6.49,overcast clouds
536,Solnechnyy,RU,50.7214,136.6319,24.6,89,97,1.92,overcast clouds
537,Cobija,BO,-11.0267,-68.7692,78.98,94,75,3.44,heavy intensity rain
538,Mackay,AU,-21.15,149.2,78.67,94,75,11.5,broken clouds
539,Conceicao Do Araguaia,BR,-8.2578,-49.2647,75.96,88,87,4.32,overcast clouds
540,La Ronge,CA,55.1001,-105.2842,46.65,39,100,18.41,overcast clouds
541,Likasi,CD,-10.9814,26.7333,61.72,97,98,2.59,light rain
542,Clevelandia,BR,-26.3958,-52.4708,64.11,97,100,2.51,overcast clouds
543,Kushmurun,KZ,52.4503,64.6311,38.66,80,82,4.92,broken clouds
544,Homer,US,59.6425,-151.5483,29.05,77,100,15.99,overcast clouds
545,Mykhaylivka,UA,47.2724,35.2224,49.98,79,75,11.12,broken clouds
546,Salinopolis,BR,-0.6136,-47.3561,76.21,90,100,6.17,overcast clouds
547,Rio Amarillo,HN,14.9757,-89.1296,87.89,65,84,7.81,broken clouds
548,Lazaro Cardenas,MX,17.9583,-102.2,84.04,50,99,9.98,overcast clouds
549,Galesong,ID,-5.3166,119.3661,73.42,85,71,3.02,broken clouds
550,Bloomington,US,44.8408,-93.2983,48.25,36,36,14.0,scattered clouds
551,Kalety,PL,50.5627,18.8926,43.21,100,100,5.75,overcast clouds
552,Lata,PT,40.1629,-8.3327,56.8,99,100,4.25,overcast clouds
553,Celestun,MX,20.8667,-90.4,77.07,50,92,19.42,overcast clouds
554,Nerl,RU,56.6628,40.3893,41.61,86,100,13.47,overcast clouds
555,Douentza,ML,14.9951,-2.9517,89.94,9,0,4.45,clear sky
556,Larnaca,CY,34.9167,33.6292,62.96,77,0,3.44,clear sky
557,Toktogul,KG,41.8708,72.9402,59.18,56,100,2.86,overcast clouds
558,Ussuriysk,RU,43.7986,131.9508,37.22,86,100,10.2,light rain
559,Kamenka,RU,51.3223,42.7678,50.97,75,98,12.62,overcast clouds
560,Harper,LR,4.375,-7.7169,81.68,83,100,8.77,overcast clouds
561,Svetlogorsk,BY,52.6333,29.7333,40.41,92,78,7.02,broken clouds
562,Namibe,AO,-15.1961,12.1522,72.25,74,3,5.88,clear sky
563,Ketchikan,US,55.3422,-131.6461,41.47,81,100,0.0,moderate rain
564,Sobolevo,RU,54.4299,31.8996,36.95,94,44,7.05,scattered clouds
565,Huaihua,CN,27.5494,109.9592,61.79,59,87,1.97,overcast clouds
566,Bluefields,NI,12.0137,-83.7635,86.07,74,40,4.61,scattered clouds
567,Olavarria,AR,-36.8927,-60.3225,70.02,69,2,4.43,clear sky
568,Itaqui,BR,-29.1253,-56.5531,72.03,77,75,7.23,broken clouds
569,Wanning,CN,18.8003,110.3967,65.1,82,93,5.32,overcast clouds
570,Ahipara,NZ,-35.1667,173.1667,66.85,56,29,8.55,scattered clouds
571,Lavrentiya,RU,65.5833,-171.0,-4.32,87,71,3.11,broken clouds
572,Zyryanskoye,RU,56.8306,86.6258,32.22,87,100,18.48,light snow
573,Shingu,JP,33.7333,135.9833,56.86,69,0,4.63,clear sky
574,Isla Vista,US,34.4133,-119.861,98.26,24,39,4.0,scattered clouds
575,Pekan,MY,3.4836,103.3996,75.31,92,100,6.44,overcast clouds
576,Rjukan,NO,59.8789,8.5941,30.45,82,68,8.3,broken clouds
577,Old Town,CZ,50.087,14.4202,40.96,94,100,4.61,overcast clouds
578,Vilyuysk,RU,63.7553,121.6247,13.86,96,100,3.96,overcast clouds
579,Stokmarknes,NO,68.5646,14.9108,35.56,64,100,13.8,overcast clouds
580,Wajima,JP,37.4,136.9,51.21,67,0,10.13,clear sky
581,Waddan,LY,29.1614,16.139,68.4,28,3,12.77,clear sky
582,Biasca,CH,46.3597,8.9697,54.41,95,99,4.0,overcast clouds
583,Andenes,NO,69.3143,16.1194,35.58,64,75,27.63,broken clouds
584,Manica,FR,49.0,-1.1667,39.78,95,64,6.53,broken clouds
585,Kizhinga,RU,51.8462,109.9097,32.79,76,100,1.63,light snow
586,Iquique,CL,-20.2208,-70.1431,69.84,77,39,4.32,scattered clouds
587,Kupino,RU,54.3663,77.2981,32.36,84,20,11.79,few clouds
588,Isoka,ZM,-10.1606,32.6335,60.89,98,88,1.77,light rain
589,Keti Bandar,PK,24.1447,67.4497,79.23,78,61,11.43,broken clouds
590,Santa Isabel Do Rio Negro,BR,-0.4139,-65.0192,78.19,94,95,2.13,overcast clouds
591,Marsh Harbour,BS,26.5412,-77.0636,74.48,64,60,16.24,broken clouds
592,Souillac,MU,-20.5167,57.5167,75.58,94,75,12.66,light rain
593,Haines Junction,CA,60.7522,-137.5108,39.15,48,100,10.36,overcast clouds
594,Kinango,KE,-4.1372,39.3153,73.94,89,6,1.88,clear sky
595,Murgab,TM,37.4966,61.9714,64.27,55,11,9.22,few clouds
596,Cockburn Town,TC,21.4612,-71.1419,78.35,81,15,20.29,few clouds
597,Taizhou,CN,32.4933,119.9106,57.25,74,0,8.19,clear sky
598,Obudovac,BA,44.965,18.6122,59.25,64,63,7.92,broken clouds
599,Vila Do Maio,CV,15.1333,-23.2167,74.19,82,15,15.1,few clouds
600,Mubi,NG,10.2676,13.2644,87.03,36,61,1.43,broken clouds
601,Beibei,CN,29.8256,106.4339,70.27,62,100,2.1,overcast clouds
602,Mogadishu,SO,2.0371,45.3438,81.41,83,81,12.91,broken clouds
603,Robertsport,LR,6.7533,-11.3686,81.01,88,64,7.36,broken clouds
604,Kabo,CF,7.6994,18.629,80.58,47,37,4.79,scattered clouds
605,Vieste,IT,41.8825,16.175,59.74,69,2,11.05,clear sky
606,Burlington,US,39.8835,-74.6413,64.35,35,0,14.97,clear sky
607,Sao Paulo De Olivenca,BR,-3.3783,-68.8725,79.66,90,40,2.62,scattered clouds
608,Kilosa,TZ,-6.8333,36.9833,70.34,82,24,2.26,few clouds
609,Severnyy,RU,50.677,36.5532,46.44,87,0,6.71,clear sky
610,Vikulovo,RU,56.8167,70.6107,31.19,95,99,5.97,overcast clouds
611,Vikhorevka,RU,56.1201,101.1636,31.59,95,100,2.51,overcast clouds
612,Antalaha,MG,-14.9003,50.2788,75.65,88,100,7.9,overcast clouds
613,Januaria,BR,-15.4833,-44.3667,84.11,41,75,5.28,broken clouds
614,Kaeo,NZ,-35.1,173.7833,63.32,83,10,8.03,clear sky
615,Kloulklubed,PW,7.0419,134.2556,80.91,84,100,13.67,light rain
616,Sidrolandia,BR,-20.9319,-54.9614,80.53,47,65,2.84,broken clouds
617,Tiksi,RU,71.6872,128.8694,-9.62,100,100,4.41,overcast clouds
618,Kindu,CD,-2.95,25.95,68.5,99,96,2.01,light rain
619,Beloha,MG,-25.1667,45.05,74.91,84,65,14.63,broken clouds
620,Buckeye,US,33.3703,-112.5838,98.19,4,0,9.22,clear sky
621,Pacifica,US,37.6138,-122.4869,86.99,69,0,21.85,haze
622,Tiruchchendur,IN,8.4833,78.1167,81.88,72,90,6.53,overcast clouds
623,Fuerte Olimpo,PY,-21.0415,-57.8738,80.62,75,96,10.09,moderate rain
624,Tocache,PE,-8.1842,-76.5125,75.43,84,84,0.38,broken clouds
625,Karymskoye,RU,51.6167,114.35,31.24,58,93,1.54,overcast clouds
626,Gorontalo,ID,0.5412,123.0595,74.98,93,100,1.54,overcast clouds
627,Kyren,RU,51.6828,102.1408,38.12,94,100,3.04,overcast clouds
628,Bobo Dioulasso,BF,11.1771,-4.2979,90.05,48,0,4.61,clear sky
629,Lima,PE,-12.0432,-77.0282,70.05,47,40,10.36,scattered clouds
630,Akureyri,IS,65.6835,-18.0878,28.33,69,75,3.44,broken clouds
631,Ialibu,PG,-6.2821,143.9935,59.13,98,100,0.83,overcast clouds
632,Parli,IN,18.8486,76.5297,87.06,34,6,9.95,clear sky
633,Biryusinsk,RU,55.9634,97.8235,32.31,90,100,2.77,overcast clouds
634,Corumba,BR,-19.0092,-57.6533,85.71,78,40,3.44,thunderstorm
635,Wangqing,CN,43.3218,129.7634,50.43,65,100,2.33,overcast clouds
636,Ust-Kut,RU,56.7938,105.7672,22.6,99,100,1.39,overcast clouds
637,Muisne,EC,0.6,-80.0333,78.46,79,99,6.85,overcast clouds
638,Chambersburg,US,39.9376,-77.6611,55.99,63,78,13.0,broken clouds
639,Sambava,MG,-14.2667,50.1667,76.68,89,100,10.38,light rain
640,Hushitai,CN,41.9322,123.5114,51.71,75,99,5.48,overcast clouds
641,Vardo,NO,70.3705,31.1107,33.89,84,100,29.24,overcast clouds
642,Tibu,CO,8.639,-72.7358,87.01,67,44,0.74,scattered clouds
643,Kilindoni,TZ,-7.9139,39.6668,82.76,76,6,11.03,clear sky
644,Cianorte,BR,-23.6633,-52.605,71.26,90,100,5.61,overcast clouds
645,Iki-Burul,RU,45.8208,44.6472,49.96,74,65,7.67,broken clouds
646,Derzhavinsk,KZ,51.1,66.3167,37.17,89,100,7.34,overcast clouds
647,Saint-Paul,RE,-21.0096,55.2707,78.89,85,62,4.21,broken clouds
648,San Jose,US,37.3394,-121.895,92.48,31,40,14.97,scattered clouds
649,Sartana,UA,47.1744,37.6927,50.25,92,99,10.71,overcast clouds
650,Iquitos,PE,-3.7481,-73.2472,91.44,58,75,4.61,broken clouds
651,Lovozero,RU,68.005,35.0117,32.65,98,100,20.65,snow
652,Pointe Michel,DM,15.25,-61.3833,80.89,74,22,15.14,few clouds
653,Neman,RU,55.0311,22.0264,36.86,77,96,7.96,overcast clouds
654,Bongandanga,CD,1.5,21.05,66.47,94,71,2.08,broken clouds
655,Solwezi,ZM,-12.1688,26.3894,61.57,98,93,3.65,overcast clouds
656,Panama City,PA,8.9936,-79.5197,82.35,85,75,4.61,broken clouds
657,Necochea,AR,-38.5473,-58.7368,61.93,91,9,8.16,clear sky
658,Lobito,AO,-12.3481,13.5456,75.65,89,65,3.69,light rain
659,Mizdah,LY,31.4451,12.9801,63.34,30,21,11.92,few clouds
660,Beatrice,US,40.2681,-96.747,55.18,22,0,21.85,clear sky
661,Benghazi,LY,32.1167,20.0667,60.98,72,0,6.02,clear sky
662,Meihekou,CN,42.5272,125.6753,48.42,77,94,6.46,overcast clouds
663,Luderitz,NA,-26.6481,15.1594,62.69,65,0,11.01,clear sky
664,Bahawalpur,PK,29.4,71.6833,86.18,11,0,8.43,clear sky
665,Pak Phanang,TH,8.3511,100.202,77.88,84,57,3.87,broken clouds
666,Smithers,CA,54.7804,-127.1743,43.12,49,75,13.8,broken clouds
667,Gorzow Wielkopolski,PL,52.7368,15.2288,38.39,63,99,1.01,overcast clouds
668,Areia Branca,BR,-4.9561,-37.1369,80.87,81,50,12.17,scattered clouds
669,Assomada,CV,15.1,-23.6833,69.35,77,14,12.55,few clouds
670,Otane,NZ,-39.8833,176.6333,61.02,71,80,5.48,broken clouds
671,Dawlatabad,AF,36.4141,64.9053,70.57,27,2,9.78,clear sky
672,Martaban,MM,16.5314,97.6111,78.13,77,32,3.0,scattered clouds
673,Filingue,NE,14.3521,3.3168,90.59,9,31,5.61,scattered clouds
674,Chiang Klang,TH,19.2938,100.8617,75.04,67,84,1.41,broken clouds
675,Ampanihy,MG,-24.7,44.75,73.27,90,36,9.37,scattered clouds
676,Christchurch,NZ,-43.5333,172.6333,62.33,75,40,1.99,scattered clouds
677,Mata,PT,40.683,-7.4592,54.93,97,100,6.69,overcast clouds
678,Wawa,NG,9.9022,4.4192,93.4,30,65,5.99,broken clouds
679,Xinpu,CN,34.5997,119.1594,58.28,67,0,8.05,clear sky
680,Dudinka,RU,69.4058,86.1778,-2.38,100,99,2.24,overcast clouds
681,Kempsey,AU,-31.0833,152.8333,68.95,93,73,1.01,broken clouds
682,Avera,US,33.194,-82.5271,64.45,48,99,19.04,overcast clouds
683,Bilibino,RU,68.0546,166.4372,-11.54,85,7,3.13,clear sky
684,Linhares,BR,-19.3911,-40.0722,73.87,80,89,3.38,overcast clouds
685,Padre Paraiso,BR,-17.0742,-41.4844,70.86,82,46,4.18,scattered clouds
686,Vohibinany,MG,-17.35,49.0333,72.54,100,89,1.25,light rain
